-- ============================================================================
-- SEED : Ferme démo "Smart Farm Yamoussoukro" avec données fictives
-- ============================================================================

-- 1. Ferme démo
insert into fermes (id, nom, code, localisation, pays, type) values
  ('00000000-0000-0000-0000-000000000001', 'Smart Farm Yamoussoukro', 'SFY-01', 'Yamoussoukro, Côte d''Ivoire', 'CI', 'porcine');

-- 2. Races
insert into races (id, nom) values
  ('11111111-0000-0000-0000-000000000001', 'Large White'),
  ('11111111-0000-0000-0000-000000000002', 'Landrace'),
  ('11111111-0000-0000-0000-000000000003', 'Duroc'),
  ('11111111-0000-0000-0000-000000000004', 'Piétrain'),
  ('11111111-0000-0000-0000-000000000005', 'Croisé F1');

-- 3. Bâtiments
insert into batiments (id, ferme_id, nom, type, capacite, surface_m2) values
  ('22222222-0000-0000-0000-000000000001', '00000000-0000-0000-0000-000000000001', 'Bâtiment Maternité A', 'maternité', 12, 120),
  ('22222222-0000-0000-0000-000000000002', '00000000-0000-0000-0000-000000000001', 'Bâtiment Gestation B', 'gestation', 30, 180),
  ('22222222-0000-0000-0000-000000000003', '00000000-0000-0000-0000-000000000001', 'Verraterie C', 'verraterie', 6, 80),
  ('22222222-0000-0000-0000-000000000004', '00000000-0000-0000-0000-000000000001', 'Post-Sevrage D', 'post-sevrage', 200, 250),
  ('22222222-0000-0000-0000-000000000005', '00000000-0000-0000-0000-000000000001', 'Engraissement E', 'engraissement', 300, 400);

-- 4. Quelques cases
insert into cases (batiment_id, numero, capacite) values
  ('22222222-0000-0000-0000-000000000001', 'M01', 1),
  ('22222222-0000-0000-0000-000000000001', 'M02', 1),
  ('22222222-0000-0000-0000-000000000001', 'M03', 1),
  ('22222222-0000-0000-0000-000000000003', 'V01', 1),
  ('22222222-0000-0000-0000-000000000003', 'V02', 1);

-- 5. Animaux reproducteurs (3 truies, 2 verrats)
insert into animaux (id, ferme_id, tag, nom, sexe, categorie, race_id, date_naissance, date_entree, statut) values
  ('33333333-0000-0000-0000-000000000001', '00000000-0000-0000-0000-000000000001', 'T-001', 'Adjoa', 'F', 'truie', '11111111-0000-0000-0000-000000000001', '2024-03-15', '2024-09-01', 'actif'),
  ('33333333-0000-0000-0000-000000000002', '00000000-0000-0000-0000-000000000001', 'T-002', 'Akissi', 'F', 'truie', '11111111-0000-0000-0000-000000000002', '2024-04-10', '2024-09-15', 'actif'),
  ('33333333-0000-0000-0000-000000000003', '00000000-0000-0000-0000-000000000001', 'T-003', 'Aya', 'F', 'truie', '11111111-0000-0000-0000-000000000001', '2024-05-20', '2024-10-01', 'actif'),
  ('33333333-0000-0000-0000-000000000010', '00000000-0000-0000-0000-000000000001', 'V-001', 'Koffi', 'M', 'verrat', '11111111-0000-0000-0000-000000000003', '2023-11-01', '2024-05-01', 'actif'),
  ('33333333-0000-0000-0000-000000000011', '00000000-0000-0000-0000-000000000001', 'V-002', 'Yao', 'M', 'verrat', '11111111-0000-0000-0000-000000000004', '2023-12-15', '2024-06-01', 'actif');

-- 6. Bande active
insert into bandes (id, ferme_id, nom, code, date_debut, date_fin_prevue, statut) values
  ('44444444-0000-0000-0000-000000000001', '00000000-0000-0000-0000-000000000001', 'Bande Janvier 2026', 'B2026-01', '2026-01-15', '2026-06-15', 'active');

insert into bande_animaux (bande_id, animal_id) values
  ('44444444-0000-0000-0000-000000000001', '33333333-0000-0000-0000-000000000001'),
  ('44444444-0000-0000-0000-000000000001', '33333333-0000-0000-0000-000000000002'),
  ('44444444-0000-0000-0000-000000000001', '33333333-0000-0000-0000-000000000003');

-- 7. Saillies
insert into saillies (id, ferme_id, bande_id, truie_id, verrat_id, date_saillie, methode, rang_porte) values
  ('55555555-0000-0000-0000-000000000001', '00000000-0000-0000-0000-000000000001', '44444444-0000-0000-0000-000000000001', '33333333-0000-0000-0000-000000000001', '33333333-0000-0000-0000-000000000010', '2026-01-20', 'naturelle', 2),
  ('55555555-0000-0000-0000-000000000002', '00000000-0000-0000-0000-000000000001', '44444444-0000-0000-0000-000000000001', '33333333-0000-0000-0000-000000000002', '33333333-0000-0000-0000-000000000010', '2026-01-22', 'IA', 1),
  ('55555555-0000-0000-0000-000000000003', '00000000-0000-0000-0000-000000000001', '44444444-0000-0000-0000-000000000001', '33333333-0000-0000-0000-000000000003', '33333333-0000-0000-0000-000000000011', '2026-01-25', 'naturelle', 1);

-- 8. Diagnostics positifs
insert into diagnostics_gestation (saillie_id, date_diagnostic, resultat, methode) values
  ('55555555-0000-0000-0000-000000000001', '2026-02-20', 'positif', 'échographie'),
  ('55555555-0000-0000-0000-000000000002', '2026-02-22', 'positif', 'échographie'),
  ('55555555-0000-0000-0000-000000000003', '2026-02-25', 'positif', 'échographie');

-- 9. Mises-bas
insert into mises_bas (id, saillie_id, truie_id, bande_id, date_mise_bas, nes_totaux, nes_vivants, nes_morts, momifies, poids_portee_kg, duree_minutes) values
  ('66666666-0000-0000-0000-000000000001', '55555555-0000-0000-0000-000000000001', '33333333-0000-0000-0000-000000000001', '44444444-0000-0000-0000-000000000001', '2026-05-13', 13, 12, 1, 0, 17.5, 180),
  ('66666666-0000-0000-0000-000000000002', '55555555-0000-0000-0000-000000000002', '33333333-0000-0000-0000-000000000002', '44444444-0000-0000-0000-000000000001', '2026-05-15', 11, 11, 0, 0, 15.8, 210);

-- 10. Types aliment
insert into types_aliment (id, nom, categorie_cible, proteine_pct, energie_kcal_kg) values
  ('77777777-0000-0000-0000-000000000001', 'Pré-starter porcelet', 'porcelet', 22, 3400),
  ('77777777-0000-0000-0000-000000000002', 'Starter post-sevrage', 'sevrage', 20, 3300),
  ('77777777-0000-0000-0000-000000000003', 'Croissance', 'engraissement', 18, 3200),
  ('77777777-0000-0000-0000-000000000004', 'Finition', 'engraissement', 16, 3100),
  ('77777777-0000-0000-0000-000000000005', 'Gestation truie', 'truie', 14, 3000),
  ('77777777-0000-0000-0000-000000000006', 'Lactation truie', 'truie', 17, 3300);

-- 11. Matières premières (stock)
insert into matieres_premieres (id, ferme_id, nom, type, unite, seuil_alerte, stock_actuel, cout_moyen_unite) values
  ('88888888-0000-0000-0000-000000000001', '00000000-0000-0000-0000-000000000001', 'Maïs grain', 'matiere_premiere', 'kg', 500, 3200, 180),
  ('88888888-0000-0000-0000-000000000002', '00000000-0000-0000-0000-000000000001', 'Tourteau soja', 'matiere_premiere', 'kg', 300, 1800, 450),
  ('88888888-0000-0000-0000-000000000003', '00000000-0000-0000-0000-000000000001', 'Son de blé', 'matiere_premiere', 'kg', 200, 950, 120),
  ('88888888-0000-0000-0000-000000000004', '00000000-0000-0000-0000-000000000001', 'Prémix vitamines', 'matiere_premiere', 'kg', 20, 45, 3200),
  ('88888888-0000-0000-0000-000000000005', '00000000-0000-0000-0000-000000000001', 'Vaccin Mycoplasme', 'vaccin', 'dose', 50, 120, 850),
  ('88888888-0000-0000-0000-000000000006', '00000000-0000-0000-0000-000000000001', 'Iverin (antiparasitaire)', 'medicament', 'ml', 100, 500, 12),
  ('88888888-0000-0000-0000-000000000007', '00000000-0000-0000-0000-000000000001', 'Crésyl désinfectant', 'desinfectant', 'L', 5, 12, 4500);

-- 12. Fournisseurs
insert into fournisseurs (id, nom, contact, telephone, email) values
  ('99999999-0000-0000-0000-000000000001', 'Provendes CI', 'M. Konaté', '+225 07 00 00 00', 'contact@provendesci.ci'),
  ('99999999-0000-0000-0000-000000000002', 'AgriVet Yamoussoukro', 'Dr. Bamba', '+225 05 00 00 00', 'agrivet@y.ci');

-- 13. Règle sevrage par défaut
insert into regles_sevrage (ferme_id, nom, age_min_jours, age_max_jours, poids_min_kg) values
  ('00000000-0000-0000-0000-000000000001', 'Sevrage standard 28j', 25, 28, 7.0);

-- 14. Utilisateur démo (auto-login brouillon)
insert into utilisateurs (id, email, nom, prenom, role) values
  ('aaaaaaaa-0000-0000-0000-000000000001', 'demo@smartfarm.local', 'Liegeois', 'Christophe', 'admin');

insert into utilisateur_fermes (utilisateur_id, ferme_id, role) values
  ('aaaaaaaa-0000-0000-0000-000000000001', '00000000-0000-0000-0000-000000000001', 'admin');
